{"dates": ["12.16", "12.17", "12.18", "12.19", "12.2", "12.21", "12.22", "12.23", "12.24", "12.25", "12.26", "12.27", "12.28", "12.29", "12.30", "12.31"], "raw_values": {"Fifi": [0.0, 0.0, 0.0, -1.2, -1.1, 0.8, -0.9, 0.0, 0.0, 0.0, 0.0], "Sofya": [0.0, -0.6, -1.8, 0.0, -1.0, -0.4, 0.6, 1.2, 0.8, -0.0, -0.6], "Nick": [0.0, -0.6, -0.6, -0.3, -1.0, 0.0, 0.0, 0.0, 0.0, 0.0, 0.0], "Blue": [0.0, -1.2, -0.6, -0.6, -1.0, -0.2, 0.4, -0.2, 0.8, -0.0, 1.0], "Joyce": [0.0, -0.1, 0.0, -1.2, -0.7, 1.0, -1.4, 0.9, -0.0, 0.2, -0.4], "Jenny": [0.0, -1.9, -0.2, -0.4, 1.0, -1.0, 0.2, 0.2, -0.5, -0.4, -0.4], "Yoyo": [0.0, -0.8, -0.4, -0.6, 0.2, -0.8, 0.4, -0.4, -0.0, 0.0, 0.0], "Jimmy": [0.0, 0.0, 0.0, 0.3, -0.6, -0.6, -0.8, -0.1, 0.1, 1.3, -1.1], "Jerry": [0.0, -0.7, -0.3, -1.9, -0.1, 1.3, 0.6, -1.3, -1.3, 1.9, 0.3], "Summer G": [0.0, -1.5, -2.4, -0.4, 0.1, -0.8, -0.4, -1.1, -0.6, -0.1, 1.1], "Barry": [0.0, 0.0, 0.0, 0.0, 0.8, 1.4, -2.2, 0.8, -1.5, 0.0, 0.0], "Esther": [0.0, -0.2, 0.2, -0.7, -1.0, -1.0, 0.0, 1.5, -1.0, -1.0, 0.0], "Ginger": [0.0, -0.4, -1.4, -0.8, 0.0, -1.8, 0.4, 0.8, -2.0, 1.2, 1.4], "Mia": [0.0, -0.6, -0.8, -0.4, -0.8, -0.6, -0.6, -0.0, -0.0, 0.0, -1.2]}, "cumulative_values": {"Fifi": [0.0, 0.0, 0.0, -1.2, -2.3, -1.4999999999999998, -2.4, -2.4, -2.4, -2.4, -2.4], "Sofya": [0.0, -0.6, -2.4, -2.4, -3.4, -3.8, -3.1999999999999997, -1.9999999999999998, -1.1999999999999997, -1.1999999999999997, -1.7999999999999998], "Nick": [0.0, -0.6, -1.2, -1.5, -2.5, -2.5, -2.5, -2.5, -2.5, -2.5, -2.5], "Blue": [0.0, -1.2, -1.7999999999999998, -2.4, -3.4, -3.6, -3.2, -3.4000000000000004, -2.6000000000000005, -2.6000000000000005, -1.6000000000000005], "Joyce": [0.0, -0.1, -0.1, -1.3, -2.0, -1.0, -2.4, -1.5, -1.5, -1.3, -1.7000000000000002], "Jenny": [0.0, -1.9, -2.1, -2.5, -1.5, -2.5, -2.3, -2.0999999999999996, -2.5999999999999996, -2.9999999999999996, -3.3999999999999995], "Yoyo": [0.0, -0.8, -1.2000000000000002, -1.8000000000000003, -1.6000000000000003, -2.4000000000000004, -2.0000000000000004, -2.4000000000000004, -2.4000000000000004, -2.4000000000000004, -2.4000000000000004], "Jimmy": [0.0, 0.0, 0.0, 0.3, -0.3, -0.8999999999999999, -1.7, -1.8, -1.7, -0.3999999999999999, -1.5], "Jerry": [0.0, -0.7, -1.0, -2.9, -3.0, -1.7, -1.1, -2.4000000000000004, -3.7, -1.8000000000000003, -1.5000000000000002], "Summer G": [0.0, -1.5, -3.9, -4.3, -4.2, -5.0, -5.4, -6.5, -7.1, -7.199999999999999, -6.1], "Barry": [0.0, 0.0, 0.0, 0.0, 0.8, 2.2, 0.0, 0.8, -0.7, -0.7, -0.7], "Esther": [0.0, -0.2, 0.0, -0.7, -1.7, -2.7, -2.7, -1.2000000000000002, -2.2, -3.2, -3.2], "Ginger": [0.0, -0.4, -1.7999999999999998, -2.5999999999999996, -2.5999999999999996, -4.3999999999999995, -3.9999999999999996, -3.1999999999999993, -5.199999999999999, -3.999999999999999, -2.599999999999999], "Mia": [0.0, -0.6, -1.4, -1.7999999999999998, -2.5999999999999996, -3.1999999999999997, -3.8, -3.8, -3.8, -3.8, -5.0]}, "projections": {"Fifi": [-2.76, -2.76, -2.8], "Sofya": [-1.04, -0.38, -0.1], "Nick": [-2.5, -2.5, -2.5], "Blue": [-1.34, -1.08, -0.53], "Joyce": [-1.97, -1.61, -1.66], "Jenny": [-3.4, -3.59, -3.99], "Yoyo": [-2.36, -2.52, -2.52], "Jimmy": [-1.7, -1.56, -1.37], "Jerry": [-1.72, -2.22, -2.13], "Summer G": [-6.72, -7.25, -7.36], "Barry": [-1.64, -1.77, -2.46], "Esther": [-3.05, -2.95, -3.63], "Ginger": [-2.48, -2.38, -2.53], "Mia": [-5.24, -5.36, -5.62]}}