{"dates": ["12.16", "12.17", "12.18", "12.19", "12.2", "12.21", "12.22", "12.23", "12.24", "12.25", "12.26", "12.27", "12.28", "12.29", "12.30", "12.31", "01.01"], "raw_values": {"Fifi": [0.0, 0.0, 0.0, -1.2, -1.1, 0.8, -0.9, 0.0, 0.0, 0.0, 0.0, 0.0], "Sofya": [0.0, -0.6, -1.8, 0.0, -1.0, -0.4, 0.6, 1.2, 0.8, -0.0, -0.6, 0.0], "Nick": [0.0, -0.6, -0.6, -0.3, -1.0, 0.0, 0.0, 0.0, 0.0, 0.0, 0.0, 0.0], "Blue": [0.0, -1.2, -0.6, -0.6, -1.0, -0.2, 0.4, -0.2, 0.8, -0.0, 1.0, -0.6], "Joyce": [0.0, -0.1, 0.0, -1.2, -0.7, 1.0, -1.4, 0.9, -0.0, 0.2, -0.4, 0.2], "Jenny": [0.0, -1.9, -0.2, -0.4, 1.0, -1.0, 0.2, 0.2, -0.5, -0.4, -0.4, -0.0], "Yoyo": [0.0, -0.8, -0.4, -0.6, 0.2, -0.8, 0.4, -0.4, -0.0, 0.0, 0.0, 0.0], "Jimmy": [0.0, 0.0, 0.0, 0.3, -0.6, -0.6, -0.8, -0.1, 0.1, 1.3, -1.1, 0.0], "Jerry": [0.0, -0.7, -0.3, -1.9, -0.1, 1.3, 0.6, -1.3, -1.3, 1.9, 0.3, 0.4], "Summer G": [0.0, -1.5, -2.4, -0.4, 0.1, -0.8, -0.4, -1.1, -0.6, -0.1, 1.1, 0.1], "Barry": [0.0, 0.0, 0.0, 0.0, 0.8, 1.4, -2.2, 0.8, -1.5, 0.0, 0.0, 0.0], "Esther": [0.0, -0.2, 0.2, -0.7, -1.0, -1.0, 0.0, 1.5, -1.0, -1.0, 0.0, 0.0], "Ginger": [0.0, -0.4, -1.4, -0.8, 0.0, -1.8, 0.4, 0.8, -2.0, 1.2, 1.4, -2.2], "Mia": [0.0, -0.6, -0.8, -0.4, -0.8, -0.6, -0.6, -0.0, -0.0, 0.0, -1.2, -0.0]}, "cumulative_values": {"Fifi": [0.0, 0.0, 0.0, -1.2, -2.3, -1.4999999999999998, -2.4, -2.4, -2.4, -2.4, -2.4, -2.4], "Sofya": [0.0, -0.6, -2.4, -2.4, -3.4, -3.8, -3.1999999999999997, -1.9999999999999998, -1.1999999999999997, -1.1999999999999997, -1.7999999999999998, -1.7999999999999998], "Nick": [0.0, -0.6, -1.2, -1.5, -2.5, -2.5, -2.5, -2.5, -2.5, -2.5, -2.5, -2.5], "Blue": [0.0, -1.2, -1.7999999999999998, -2.4, -3.4, -3.6, -3.2, -3.4000000000000004, -2.6000000000000005, -2.6000000000000005, -1.6000000000000005, -2.2000000000000006], "Joyce": [0.0, -0.1, -0.1, -1.3, -2.0, -1.0, -2.4, -1.5, -1.5, -1.3, -1.7000000000000002, -1.5000000000000002], "Jenny": [0.0, -1.9, -2.1, -2.5, -1.5, -2.5, -2.3, -2.0999999999999996, -2.5999999999999996, -2.9999999999999996, -3.3999999999999995, -3.3999999999999995], "Yoyo": [0.0, -0.8, -1.2000000000000002, -1.8000000000000003, -1.6000000000000003, -2.4000000000000004, -2.0000000000000004, -2.4000000000000004, -2.4000000000000004, -2.4000000000000004, -2.4000000000000004, -2.4000000000000004], "Jimmy": [0.0, 0.0, 0.0, 0.3, -0.3, -0.8999999999999999, -1.7, -1.8, -1.7, -0.3999999999999999, -1.5, -1.5], "Jerry": [0.0, -0.7, -1.0, -2.9, -3.0, -1.7, -1.1, -2.4000000000000004, -3.7, -1.8000000000000003, -1.5000000000000002, -1.1], "Summer G": [0.0, -1.5, -3.9, -4.3, -4.2, -5.0, -5.4, -6.5, -7.1, -7.199999999999999, -6.1, -6.0], "Barry": [0.0, 0.0, 0.0, 0.0, 0.8, 2.2, 0.0, 0.8, -0.7, -0.7, -0.7, -0.7], "Esther": [0.0, -0.2, 0.0, -0.7, -1.7, -2.7, -2.7, -1.2000000000000002, -2.2, -3.2, -3.2, -3.2], "Ginger": [0.0, -0.4, -1.7999999999999998, -2.5999999999999996, -2.5999999999999996, -4.3999999999999995, -3.9999999999999996, -3.1999999999999993, -5.199999999999999, -3.999999999999999, -2.599999999999999, -4.799999999999999], "Mia": [0.0, -0.6, -1.4, -1.7999999999999998, -2.5999999999999996, -3.1999999999999997, -3.8, -3.8, -3.8, -3.8, -5.0, -5.0]}, "projections": {"Fifi": [-2.489035393508345, -2.924480903277259, -3.2693243052299823, -3.529941400131261, -3.520924837646804], "Sofya": [-3.3136631959340437, -4.323869239843291, -4.384176719411044, -4.402040497405175, -4.699217034476966], "Nick": [-2.2490036189143163, -2.511489341070496, -2.4768595571389276, -2.700311385843804, -2.8272583748370694], "Blue": [-1.5669893696429862, -1.9867679729426329, -2.2059693143553867, -3.5622647350498973, -4.1466651015293605], "Joyce": [-2.493984493046712, -3.2475707508176614, -2.6917429296979107, -2.318699322251051, -2.6032273690179597], "Jenny": [-3.3883669754516292, -2.972878166344218, -2.3416908197169795, -2.057219238328848, -2.9623094560931804], "Yoyo": [-2.291335052063321, -2.155204320865303, -2.1031046383193783, -2.26105863029307, -2.3718990455133744], "Jimmy": [-2.8106251193626566, -2.3953786821716805, -2.6216754028686213, -2.0042312680928873, -1.5805224802768407], "Jerry": [-0.6091608308539873, 1.2709580085433625, 1.7459409961726426, 1.5099033673442044, 0.3628271439575032], "Summer G": [-8.55947104204815, -9.297900999312569, -10.853555016553852, -9.01316926753005, -8.276081204406154], "Barry": [-0.2469299903464897, -0.6470074285593082, -0.4554915587544127, -1.1525103177145708, -0.7549259971305662], "Esther": [-3.6563561448025084, -4.574767487872107, -5.132352856295483, -6.2269216824017875, -7.155383806706188], "Ginger": [-3.8245751486317143, -1.9556792977447555, -3.9216241649790353, -3.775621846379608, -2.9239707962294497], "Mia": [-6.292887385268825, -6.059516951707501, -7.11089475117729, -7.726727160434148, -7.9730261205035955]}}