{
  "cumulative_values": {
    "Barry": [
      0.0,
      0.0,
      0.0,
      0.0,
      0.8,
      2.2,
      0.0,
      0.8,
      -0.7
    ],
    "Blue": [
      0.0,
      -1.2,
      -1.7999999999999998,
      -2.4,
      -3.4,
      -3.6,
      -3.2,
      -3.4000000000000004,
      -2.6000000000000005
    ],
    "Esther": [
      0.0,
      -0.2,
      0.0,
      -0.7,
      -1.7,
      -2.7,
      -2.7,
      -1.2000000000000002,
      -0.20000000000000018
    ],
    "Fifi": [
      0.0,
      0.0,
      0.0,
      -1.2,
      -2.3,
      -1.4999999999999998,
      -2.4,
      -2.4,
      -2.4
    ],
    "Ginger": [
      0.0,
      -0.4,
      -1.7999999999999998,
      -2.5999999999999996,
      -2.5999999999999996,
      -4.3999999999999995,
      -3.9999999999999996,
      -3.1999999999999993,
      -5.199999999999999
    ],
    "Jenny": [
      0.0,
      -1.9,
      -2.1,
      -2.5,
      -1.5,
      -2.5,
      -2.3,
      -2.0999999999999996,
      -2.5999999999999996
    ],
    "Jerry": [
      0.0,
      -0.7,
      -1.0,
      -2.9,
      -3.0,
      -1.7,
      -1.1,
      -2.4000000000000004,
      -3.7
    ],
    "Jimmy": [
      0.0,
      0.0,
      0.0,
      0.3,
      -0.3,
      -0.8999999999999999,
      -1.7,
      -1.8,
      -1.7
    ],
    "Joyce": [
      0.0,
      -0.1,
      -0.1,
      -1.3,
      -2.0,
      -1.0,
      -2.4,
      -1.5,
      -1.5
    ],
    "Mia": [
      0.0,
      -0.6,
      -1.4,
      -1.7999999999999998,
      -2.5999999999999996,
      -3.1999999999999997,
      -3.8,
      -3.8,
      -3.8
    ],
    "Nick": [
      0.0,
      -0.6,
      -1.2,
      -1.5,
      -2.5,
      -2.5,
      -2.5,
      -2.5,
      -2.5
    ],
    "Sofya": [
      0.0,
      -0.6,
      -2.4,
      -2.4,
      -3.4,
      -3.8,
      -3.1999999999999997,
      -1.9999999999999998,
      -1.1999999999999997
    ],
    "Summer G": [
      0.0,
      -1.5,
      -3.9,
      -4.3,
      -4.2,
      -5.0,
      -5.4,
      -6.5,
      -7.1
    ],
    "Yoyo": [
      0.0,
      -0.8,
      -1.2000000000000002,
      -1.8000000000000003,
      -1.6000000000000003,
      -2.4000000000000004,
      -2.0000000000000004,
      -2.4000000000000004,
      -2.4000000000000004
    ]
  },
  "dates": [
    "12.16",
    "12.17",
    "12.18",
    "12.19",
    "12.2",
    "12.21",
    "12.22",
    "12.23",
    "12.24",
    "12.25",
    "12.26",
    "12.27",
    "12.28",
    "12.29"
  ],
  "projections": {
    "Barry": [
      -0.32,
      -0.41,
      -1.31,
      -1.37,
      -1.96
    ],
    "Blue": [
      -3.0,
      -2.92,
      -2.7,
      -2.61,
      -2.37
    ],
    "Esther": [
      -0.75,
      -0.75,
      -0.16,
      0.63,
      0.92
    ],
    "Fifi": [
      -2.78,
      -2.73,
      -3.13,
      -3.2,
      -3.34
    ],
    "Ginger": [
      -5.58,
      -6.22,
      -6.26,
      -6.68,
      -7.73
    ],
    "Jenny": [
      -2.44,
      -2.79,
      -2.73,
      -2.8,
      -3.02
    ],
    "Jerry": [
      -3.36,
      -3.05,
      -3.43,
      -4.24,
      -4.63
    ],
    "Jimmy": [
      -2.29,
      -2.78,
      -3.17,
      -3.35,
      -3.62
    ],
    "Joyce": [
      -1.67,
      -1.51,
      -1.82,
      -1.48,
      -1.53
    ],
    "Mia": [
      -4.42,
      -4.84,
      -5.14,
      -5.31,
      -5.61
    ],
    "Nick": [
      -2.9,
      -2.9,
      -2.94,
      -3.02,
      -3.14
    ],
    "Sofya": [
      -1.48,
      -1.14,
      -0.41,
      0.29,
      0.67
    ],
    "Summer G": [
      -7.49,
      -8.21,
      -8.86,
      -9.63,
      -10.2
    ],
    "Yoyo": [
      -2.52,
      -2.8,
      -2.77,
      -2.98,
      -3.07
    ]
  },
  "raw_values": {
    "Barry": [
      0.0,
      0.0,
      0.0,
      0.0,
      0.8,
      1.4,
      -2.2,
      0.8,
      -1.5
    ],
    "Blue": [
      0.0,
      -1.2,
      -0.6,
      -0.6,
      -1.0,
      -0.2,
      0.4,
      -0.2,
      0.8
    ],
    "Esther": [
      0.0,
      -0.2,
      0.2,
      -0.7,
      -1.0,
      -1.0,
      0.0,
      1.5,
      1.0
    ],
    "Fifi": [
      0.0,
      0.0,
      0.0,
      -1.2,
      -1.1,
      0.8,
      -0.9,
      0.0,
      0.0
    ],
    "Ginger": [
      0.0,
      -0.4,
      -1.4,
      -0.8,
      0.0,
      -1.8,
      0.4,
      0.8,
      -2.0
    ],
    "Jenny": [
      0.0,
      -1.9,
      -0.2,
      -0.4,
      1.0,
      -1.0,
      0.2,
      0.2,
      -0.5
    ],
    "Jerry": [
      0.0,
      -0.7,
      -0.3,
      -1.9,
      -0.1,
      1.3,
      0.6,
      -1.3,
      -1.3
    ],
    "Jimmy": [
      0.0,
      0.0,
      0.0,
      0.3,
      -0.6,
      -0.6,
      -0.8,
      -0.1,
      0.1
    ],
    "Joyce": [
      0.0,
      -0.1,
      0.0,
      -1.2,
      -0.7,
      1.0,
      -1.4,
      0.9,
      0.0
    ],
    "Mia": [
      0.0,
      -0.6,
      -0.8,
      -0.4,
      -0.8,
      -0.6,
      -0.6,
      0.0,
      0.0
    ],
    "Nick": [
      0.0,
      -0.6,
      -0.6,
      -0.3,
      -1.0,
      0.0,
      0.0,
      0.0,
      0.0
    ],
    "Sofya": [
      0.0,
      -0.6,
      -1.8,
      0.0,
      -1.0,
      -0.4,
      0.6,
      1.2,
      0.8
    ],
    "Summer G": [
      0.0,
      -1.5,
      -2.4,
      -0.4,
      0.1,
      -0.8,
      -0.4,
      -1.1,
      -0.6
    ],
    "Yoyo": [
      0.0,
      -0.8,
      -0.4,
      -0.6,
      0.2,
      -0.8,
      0.4,
      -0.4,
      0.0
    ]
  }
}
