{"dates": ["12.16", "12.17", "12.18", "12.19", "12.2", "12.21", "12.22", "12.23", "12.24", "12.25", "12.26", "12.27", "12.28", "12.29", "12.30", "12.31", "01.01"], "raw_values": {"Fifi": [0.0, 0.0, 0.0, -1.2, -1.1, 0.8, -0.9, 0.0, 0.0, 0.0, 0.0, 0.0], "Sofya": [0.0, -0.6, -1.8, 0.0, -1.0, -0.4, 0.6, 1.2, 0.8, -0.0, -0.6, 0.0], "Nick": [0.0, -0.6, -0.6, -0.3, -1.0, 0.0, 0.0, 0.0, 0.0, 0.0, 0.0, 0.0], "Blue": [0.0, -1.2, -0.6, -0.6, -1.0, -0.2, 0.4, -0.2, 0.8, -0.0, 1.0, -0.6], "Joyce": [0.0, -0.1, 0.0, -1.2, -0.7, 1.0, -1.4, 0.9, -0.0, 0.2, -0.4, 0.2], "Jenny": [0.0, -1.9, -0.2, -0.4, 1.0, -1.0, 0.2, 0.2, -0.5, -0.4, -0.4, -0.0], "Yoyo": [0.0, -0.8, -0.4, -0.6, 0.2, -0.8, 0.4, -0.4, -0.0, 0.0, 0.0, 0.0], "Jimmy": [0.0, 0.0, 0.0, 0.3, -0.6, -0.6, -0.8, -0.1, 0.1, 1.3, -1.1, 0.0], "Jerry": [0.0, -0.7, -0.3, -1.9, -0.1, 1.3, 0.6, -1.3, -1.3, 1.9, 0.3, 0.4], "Summer G": [0.0, -1.5, -2.4, -0.4, 0.1, -0.8, -0.4, -1.1, -0.6, -0.1, 1.1, 0.1], "Barry": [0.0, 0.0, 0.0, 0.0, 0.8, 1.4, -2.2, 0.8, -1.5, 0.0, 0.0, 0.0], "Esther": [0.0, -0.2, 0.2, -0.7, -1.0, -1.0, 0.0, 1.5, -1.0, -1.0, 0.0, 0.0], "Ginger": [0.0, -0.4, -1.4, -0.8, 0.0, -1.8, 0.4, 0.8, -2.0, 1.2, 1.4, -2.2], "Mia": [0.0, -0.6, -0.8, -0.4, -0.8, -0.6, -0.6, -0.0, -0.0, 0.0, -1.2, -0.0]}, "cumulative_values": {"Fifi": [0.0, 0.0, 0.0, -1.2, -2.3, -1.4999999999999998, -2.4, -2.4, -2.4, -2.4, -2.4, -2.4], "Sofya": [0.0, -0.6, -2.4, -2.4, -3.4, -3.8, -3.1999999999999997, -1.9999999999999998, -1.1999999999999997, -1.1999999999999997, -1.7999999999999998, -1.7999999999999998], "Nick": [0.0, -0.6, -1.2, -1.5, -2.5, -2.5, -2.5, -2.5, -2.5, -2.5, -2.5, -2.5], "Blue": [0.0, -1.2, -1.7999999999999998, -2.4, -3.4, -3.6, -3.2, -3.4000000000000004, -2.6000000000000005, -2.6000000000000005, -1.6000000000000005, -2.2000000000000006], "Joyce": [0.0, -0.1, -0.1, -1.3, -2.0, -1.0, -2.4, -1.5, -1.5, -1.3, -1.7000000000000002, -1.5000000000000002], "Jenny": [0.0, -1.9, -2.1, -2.5, -1.5, -2.5, -2.3, -2.0999999999999996, -2.5999999999999996, -2.9999999999999996, -3.3999999999999995, -3.3999999999999995], "Yoyo": [0.0, -0.8, -1.2000000000000002, -1.8000000000000003, -1.6000000000000003, -2.4000000000000004, -2.0000000000000004, -2.4000000000000004, -2.4000000000000004, -2.4000000000000004, -2.4000000000000004, -2.4000000000000004], "Jimmy": [0.0, 0.0, 0.0, 0.3, -0.3, -0.8999999999999999, -1.7, -1.8, -1.7, -0.3999999999999999, -1.5, -1.5], "Jerry": [0.0, -0.7, -1.0, -2.9, -3.0, -1.7, -1.1, -2.4000000000000004, -3.7, -1.8000000000000003, -1.5000000000000002, -1.1], "Summer G": [0.0, -1.5, -3.9, -4.3, -4.2, -5.0, -5.4, -6.5, -7.1, -7.199999999999999, -6.1, -6.0], "Barry": [0.0, 0.0, 0.0, 0.0, 0.8, 2.2, 0.0, 0.8, -0.7, -0.7, -0.7, -0.7], "Esther": [0.0, -0.2, 0.0, -0.7, -1.7, -2.7, -2.7, -1.2000000000000002, -2.2, -3.2, -3.2, -3.2], "Ginger": [0.0, -0.4, -1.7999999999999998, -2.5999999999999996, -2.5999999999999996, -4.3999999999999995, -3.9999999999999996, -3.1999999999999993, -5.199999999999999, -3.999999999999999, -2.599999999999999, -4.799999999999999], "Mia": [0.0, -0.6, -1.4, -1.7999999999999998, -2.5999999999999996, -3.1999999999999997, -3.8, -3.8, -3.8, -3.8, -5.0, -5.0]}, "projections": {"Fifi": [-2.5738570796441755, -3.363460616168311, -4.043741606043496, -3.3835760583919123, -3.693494257127237], "Sofya": [-2.748373290697405, -3.6746037664449305, -4.152924213870983, -4.107553903529481, -3.7641002388475298], "Nick": [-2.4577356947397395, -2.599213007772764, -2.869027682302603, -3.3833092775035585, -3.572875141212652], "Blue": [-1.3029233744046445, -1.8318164348105836, -2.1980491555433885, -3.4118682813600394, -3.5538544733246997], "Joyce": [-1.7290989980457752, -1.250643714475601, -0.40450777888751377, -0.5128155452739451, 0.13973232562984506], "Jenny": [-3.8592444669117465, -4.381931346393726, -5.524329657205326, -6.34029016324717, -6.515825347889173], "Yoyo": [-2.604524876863266, -2.806655969397074, -3.142675532337101, -3.290654990195212, -3.3479234612453292], "Jimmy": [-1.7775377556675356, -2.309873948823308, -2.7844300892273126, -2.9805370758289222, -3.597732926615781], "Jerry": [-1.144548979815497, -1.209008237921213, -1.8927681032930663, -1.9802142249780292, -2.530492337109295], "Summer G": [-6.630320615032774, -6.825016074526972, -8.074958872222737, -8.120516407026248, -9.06938378132472], "Barry": [-0.6323862725797922, 0.20083387136723446, -0.5261926953084688, 0.0757934782600308, 0.35502894821677194], "Esther": [-4.040591077277599, -6.287207411741601, -6.598006360546702, -6.786081225782613, -8.051474882162491], "Ginger": [-4.7921170582801444, -4.997410838871482, -6.511383090579308, -5.501346265646229, -4.218514835336278], "Mia": [-5.272819029352204, -5.9021089403420826, -6.3927703410214605, -6.583755181294773, -7.453726065466965]}}