{"dates": ["12.16", "12.17", "12.18", "12.19", "12.2", "12.21", "12.22", "12.23", "12.24", "12.25", "12.26", "12.27", "12.28", "12.29", "12.3", "12.31", "01.01", "01.02", "01.03", "01.04", "01.05"], "raw_values": {"Fifi": [0.0, 0.0, 0.0, -1.2, -1.1, 0.8, -0.9, 0.0, 0.0, 0.0, 0.0, 0.0, 0.0, 0.0, 0.0, 0.0], "Sofya": [0.0, -0.6, -1.8, 0.0, -1.0, -0.4, 0.6, 1.2, 0.8, -0.0, -0.6, 0.0, 0.0, 0.0, 0.0, 0.0], "Nick": [0.0, -0.6, -0.6, -0.3, -1.0, 0.0, 0.0, 0.0, 0.0, 0.0, 0.0, 0.0, 0.0, 0.0, -1.3, 0.2], "Blue": [0.0, -1.2, -0.6, -0.6, -1.0, -0.2, 0.4, -0.2, 0.8, -0.0, 1.0, -0.6, -0.4, -1.2, -0.0, 0.8], "Joyce": [0.0, -0.1, 0.0, -1.2, -0.7, 1.0, -1.4, 0.9, -0.0, 0.2, -0.4, 0.2, -0.5, -0.9, 0.3, 0.1], "Jenny": [0.0, -1.9, -0.2, -0.4, 1.0, -1.0, 0.2, 0.2, -0.5, -0.4, -0.4, -0.0, 0.3, 0.2, -0.7, 0.6], "Yoyo": [0.0, -0.8, -0.4, -0.6, 0.2, -0.8, 0.4, -0.4, -0.0, 0.0, 0.0, 0.0, 0.0, 0.0, 0.0, 0.0], "Jimmy": [0.0, 0.0, 0.0, 0.3, -0.6, -0.6, -0.8, -0.1, 0.1, 1.3, -1.1, 0.0, -1.8, -0.1, 0.3, -0.7], "Jerry": [0.0, -0.7, -0.3, -1.9, -0.1, 1.3, 0.6, -1.3, -1.3, 1.9, 0.3, 0.4, -0.6, 0.0, 0.4, -2.1], "Summer G": [0.0, -1.5, -2.4, -0.4, 0.1, -0.8, -0.4, -1.1, -0.6, -0.1, 1.1, 0.1, -1.5, -0.2, 1.0, -0.8], "Barry": [0.0, 0.0, 0.0, 0.0, 0.8, 1.4, -2.2, 0.8, -1.5, 0.0, 0.0, 0.0, -0.3, -0.4, -0.0, 0.0], "Esther": [0.0, -0.2, 0.2, -0.7, -1.0, -1.0, 0.0, 1.5, -1.0, -1.0, 0.0, 0.0, 0.0, 0.0, 0.0, 0.0], "Ginger": [0.0, -0.4, -1.4, -0.8, 0.0, -1.8, 0.4, 0.8, -2.0, 1.2, 1.4, -2.2, -0.0, 1.6, -1.6, -0.6], "Mia": [0.0, -0.6, -0.8, -0.4, -0.8, -0.6, -0.6, -0.0, -0.0, 0.0, -1.2, -0.0, -0.1, -0.0, 0.5, -0.8]}, "cumulative_values": {"Fifi": [0.0, 0.0, 0.0, -1.2, -2.3, -1.4999999999999998, -2.4, -2.4, -2.4, -2.4, -2.4, -2.4, -2.4, -2.4, -2.4, -2.4], "Sofya": [0.0, -0.6, -2.4, -2.4, -3.4, -3.8, -3.1999999999999997, -1.9999999999999998, -1.1999999999999997, -1.1999999999999997, -1.7999999999999998, -1.7999999999999998, -1.7999999999999998, -1.7999999999999998, -1.7999999999999998, -1.7999999999999998], "Nick": [0.0, -0.6, -1.2, -1.5, -2.5, -2.5, -2.5, -2.5, -2.5, -2.5, -2.5, -2.5, -2.5, -2.5, -3.8, -3.5999999999999996], "Blue": [0.0, -1.2, -1.7999999999999998, -2.4, -3.4, -3.6, -3.2, -3.4000000000000004, -2.6000000000000005, -2.6000000000000005, -1.6000000000000005, -2.2000000000000006, -2.6000000000000005, -3.8000000000000007, -3.8000000000000007, -3.000000000000001], "Joyce": [0.0, -0.1, -0.1, -1.3, -2.0, -1.0, -2.4, -1.5, -1.5, -1.3, -1.7000000000000002, -1.5000000000000002, -2.0, -2.9, -2.6, -2.5], "Jenny": [0.0, -1.9, -2.1, -2.5, -1.5, -2.5, -2.3, -2.0999999999999996, -2.5999999999999996, -2.9999999999999996, -3.3999999999999995, -3.3999999999999995, -3.0999999999999996, -2.8999999999999995, -3.5999999999999996, -2.9999999999999996], "Yoyo": [0.0, -0.8, -1.2000000000000002, -1.8000000000000003, -1.6000000000000003, -2.4000000000000004, -2.0000000000000004, -2.4000000000000004, -2.4000000000000004, -2.4000000000000004, -2.4000000000000004, -2.4000000000000004, -2.4000000000000004, -2.4000000000000004, -2.4000000000000004, -2.4000000000000004], "Jimmy": [0.0, 0.0, 0.0, 0.3, -0.3, -0.8999999999999999, -1.7, -1.8, -1.7, -0.3999999999999999, -1.5, -1.5, -3.3, -3.4, -3.1, -3.8], "Jerry": [0.0, -0.7, -1.0, -2.9, -3.0, -1.7, -1.1, -2.4000000000000004, -3.7, -1.8000000000000003, -1.5000000000000002, -1.1, -1.7000000000000002, -1.7000000000000002, -1.3000000000000003, -3.4000000000000004], "Summer G": [0.0, -1.5, -3.9, -4.3, -4.2, -5.0, -5.4, -6.5, -7.1, -7.199999999999999, -6.1, -6.0, -7.5, -7.7, -6.7, -7.5], "Barry": [0.0, 0.0, 0.0, 0.0, 0.8, 2.2, 0.0, 0.8, -0.7, -0.7, -0.7, -0.7, -1.0, -1.4, -1.4, -1.4], "Esther": [0.0, -0.2, 0.0, -0.7, -1.7, -2.7, -2.7, -1.2000000000000002, -2.2, -3.2, -3.2, -3.2, -3.2, -3.2, -3.2, -3.2], "Ginger": [0.0, -0.4, -1.7999999999999998, -2.5999999999999996, -2.5999999999999996, -4.3999999999999995, -3.9999999999999996, -3.1999999999999993, -5.199999999999999, -3.999999999999999, -2.599999999999999, -4.799999999999999, -4.799999999999999, -3.199999999999999, -4.799999999999999, -5.399999999999999], "Mia": [0.0, -0.6, -1.4, -1.7999999999999998, -2.5999999999999996, -3.1999999999999997, -3.8, -3.8, -3.8, -3.8, -5.0, -5.0, -5.1, -5.1, -4.6, -5.3999999999999995]}, "projections": {"Fifi": [-2.6069972809197415, -2.901672176273363, -2.9795492018129157, -2.9997911233487353, -3.105045916990587], "Sofya": [-1.846854718271371, -2.7732444872546247, -2.645169873747255, -3.4786108215768374, -3.2723102823890184], "Nick": [-4.39363839249756, -4.873267097150044, -5.141993415478631, -6.4758523411603655, -6.532676134570289], "Blue": [-2.7553530734617095, -2.9664745341129444, -2.628564524309666, -3.370189766010022, -3.550739176365811], "Joyce": [-2.7669381969209264, -2.7682707550346963, -3.345930175511455, -3.652613943829776, -4.027144094398176], "Jenny": [-3.0797116435818572, -3.403072905805787, -3.599804136938336, -3.4649411262834255, -3.8049905627633493], "Yoyo": [-2.3141844470256547, -2.3412521301195155, -2.353328042713607, -2.3355829670670305, -2.122381678395233], "Jimmy": [-4.247612718125623, -4.841160053249688, -5.122437239041855, -5.9332641617720805, -6.22157204654418], "Jerry": [-3.92081046686038, -2.496354917156143, -2.6845977335317923, -3.3331188248067187, -3.4081493096598896], "Summer G": [-9.054831806504447, -8.475082524746766, -8.01644621825939, -8.926082636443454, -9.579210509790471], "Barry": [-1.2142061407731115, -0.8323583085831525, -0.434967282897379, -0.17723545559320153, -0.2489647589055687], "Esther": [-3.202818980824194, -3.497076688935037, -3.2003938994566803, -3.607841263010186, -3.298430425040525], "Ginger": [-3.567225416077997, -3.9088674778050194, -4.851972521030685, -2.1742235594046324, -2.045425841596872], "Mia": [-5.652695320446454, -6.195864264232405, -6.597687538994784, -6.843321569805883, -7.225884305600017]}}