{"dates": ["12.16", "12.17", "12.18", "12.19", "12.2", "12.21", "12.22", "12.23", "12.24", "12.25", "12.26", "12.27", "12.28", "12.29", "12.3", "12.04", "12.05", "12.06", "12.07", "12.08"], "raw_values": {"Fifi": [0.0, 0.0, 0.0, -1.2, -1.1, 0.8, -0.9, 0.0, 0.0, 0.0, 0.0, 0.0, 0.0, 0.0, 0.0], "Sofya": [0.0, -0.6, -1.8, 0.0, -1.0, -0.4, 0.6, 1.2, 0.8, -0.0, -0.6, 0.0, 0.0, 0.0, 0.0], "Nick": [0.0, -0.6, -0.6, -0.3, -1.0, 0.0, 0.0, 0.0, 0.0, 0.0, 0.0, 0.0, 0.0, 0.0, -1.3], "Blue": [0.0, -1.2, -0.6, -0.6, -1.0, -0.2, 0.4, -0.2, 0.8, -0.0, 1.0, -0.6, -0.4, -1.2, -0.0], "Joyce": [0.0, -0.1, 0.0, -1.2, -0.7, 1.0, -1.4, 0.9, -0.0, 0.2, -0.4, 0.2, -0.5, -0.9, 0.3], "Jenny": [0.0, -1.9, -0.2, -0.4, 1.0, -1.0, 0.2, 0.2, -0.5, -0.4, -0.4, -0.0, 0.3, 0.2, -0.7], "Yoyo": [0.0, -0.8, -0.4, -0.6, 0.2, -0.8, 0.4, -0.4, -0.0, 0.0, 0.0, 0.0, 0.0, 0.0, 0.0], "Jimmy": [0.0, 0.0, 0.0, 0.3, -0.6, -0.6, -0.8, -0.1, 0.1, 1.3, -1.1, 0.0, -1.8, -0.1, 0.3], "Jerry": [0.0, -0.7, -0.3, -1.9, -0.1, 1.3, 0.6, -1.3, -1.3, 1.9, 0.3, 0.4, -0.6, 0.0, 0.4], "Summer G": [0.0, -1.5, -2.4, -0.4, 0.1, -0.8, -0.4, -1.1, -0.6, -0.1, 1.1, 0.1, -1.5, -0.2, 1.0], "Barry": [0.0, 0.0, 0.0, 0.0, 0.8, 1.4, -2.2, 0.8, -1.5, 0.0, 0.0, 0.0, -0.3, -0.4, -0.0], "Esther": [0.0, -0.2, 0.2, -0.7, -1.0, -1.0, 0.0, 1.5, -1.0, -1.0, 0.0, 0.0, 0.0, 0.0, 0.0], "Ginger": [0.0, -0.4, -1.4, -0.8, 0.0, -1.8, 0.4, 0.8, -2.0, 1.2, 1.4, -2.2, -0.0, 1.6, -1.6], "Mia": [0.0, -0.6, -0.8, -0.4, -0.8, -0.6, -0.6, -0.0, -0.0, 0.0, -1.2, -0.0, -0.1, -0.0, 0.5]}, "cumulative_values": {"Fifi": [0.0, 0.0, 0.0, -1.2, -2.3, -1.4999999999999998, -2.4, -2.4, -2.4, -2.4, -2.4, -2.4, -2.4, -2.4, -2.4], "Sofya": [0.0, -0.6, -2.4, -2.4, -3.4, -3.8, -3.1999999999999997, -1.9999999999999998, -1.1999999999999997, -1.1999999999999997, -1.7999999999999998, -1.7999999999999998, -1.7999999999999998, -1.7999999999999998, -1.7999999999999998], "Nick": [0.0, -0.6, -1.2, -1.5, -2.5, -2.5, -2.5, -2.5, -2.5, -2.5, -2.5, -2.5, -2.5, -2.5, -3.8], "Blue": [0.0, -1.2, -1.7999999999999998, -2.4, -3.4, -3.6, -3.2, -3.4000000000000004, -2.6000000000000005, -2.6000000000000005, -1.6000000000000005, -2.2000000000000006, -2.6000000000000005, -3.8000000000000007, -3.8000000000000007], "Joyce": [0.0, -0.1, -0.1, -1.3, -2.0, -1.0, -2.4, -1.5, -1.5, -1.3, -1.7000000000000002, -1.5000000000000002, -2.0, -2.9, -2.6], "Jenny": [0.0, -1.9, -2.1, -2.5, -1.5, -2.5, -2.3, -2.0999999999999996, -2.5999999999999996, -2.9999999999999996, -3.3999999999999995, -3.3999999999999995, -3.0999999999999996, -2.8999999999999995, -3.5999999999999996], "Yoyo": [0.0, -0.8, -1.2000000000000002, -1.8000000000000003, -1.6000000000000003, -2.4000000000000004, -2.0000000000000004, -2.4000000000000004, -2.4000000000000004, -2.4000000000000004, -2.4000000000000004, -2.4000000000000004, -2.4000000000000004, -2.4000000000000004, -2.4000000000000004], "Jimmy": [0.0, 0.0, 0.0, 0.3, -0.3, -0.8999999999999999, -1.7, -1.8, -1.7, -0.3999999999999999, -1.5, -1.5, -3.3, -3.4, -3.1], "Jerry": [0.0, -0.7, -1.0, -2.9, -3.0, -1.7, -1.1, -2.4000000000000004, -3.7, -1.8000000000000003, -1.5000000000000002, -1.1, -1.7000000000000002, -1.7000000000000002, -1.3000000000000003], "Summer G": [0.0, -1.5, -3.9, -4.3, -4.2, -5.0, -5.4, -6.5, -7.1, -7.199999999999999, -6.1, -6.0, -7.5, -7.7, -6.7], "Barry": [0.0, 0.0, 0.0, 0.0, 0.8, 2.2, 0.0, 0.8, -0.7, -0.7, -0.7, -0.7, -1.0, -1.4, -1.4], "Esther": [0.0, -0.2, 0.0, -0.7, -1.7, -2.7, -2.7, -1.2000000000000002, -2.2, -3.2, -3.2, -3.2, -3.2, -3.2, -3.2], "Ginger": [0.0, -0.4, -1.7999999999999998, -2.5999999999999996, -2.5999999999999996, -4.3999999999999995, -3.9999999999999996, -3.1999999999999993, -5.199999999999999, -3.999999999999999, -2.599999999999999, -4.799999999999999, -4.799999999999999, -3.199999999999999, -4.799999999999999], "Mia": [0.0, -0.6, -1.4, -1.7999999999999998, -2.5999999999999996, -3.1999999999999997, -3.8, -3.8, -3.8, -3.8, -5.0, -5.0, -5.1, -5.1, -4.6]}, "projections": {"Fifi": [-2.2573928706119375, -2.171780387094065, -2.1572126013905732, -2.0574565474054545, -1.9361498940496065], "Sofya": [-2.0508118448131483, -2.5526394995197275, -2.608283148879396, -2.5825991193569657, -2.4578053557941444], "Nick": [-4.533888671655666, -5.170522307537399, -6.1397292603079014, -6.409956411913958, -7.0657649893101375], "Blue": [-4.631639175738065, -5.1660842310553985, -6.014218904040036, -6.0107762716852715, -7.279310566659215], "Joyce": [-2.951464940282156, -3.6086408235138374, -4.182800761620233, -4.509334682253917, -4.162290369939408], "Jenny": [-3.611974013536928, -4.011631489370708, -3.925540067080226, -4.143745731831338, -4.101840230232597], "Yoyo": [-2.5287359453652485, -2.4896135289492762, -2.6051966326768614, -2.9550123846530583, -2.7427255508687427], "Jimmy": [-3.829179320484917, -3.776108874562797, -4.197363975068342, -4.514021697079442, -5.339195352001192], "Jerry": [-1.7770730943660136, -2.2095416427028276, -1.8164954303847947, -1.5987286422300757, -1.2619651907880405], "Summer G": [-7.257752084792444, -8.421160498588712, -8.975105687742532, -8.9245009185085, -8.793828151453695], "Barry": [-1.7974800939072648, -2.009720822422038, -2.5380132891969107, -2.471183121657212, -2.5201638974821745], "Esther": [-3.3293930756697123, -3.3021638208425745, -3.3377312615155423, -3.7546930991093204, -4.036905523019512], "Ginger": [-5.9054604013076375, -3.959945814859191, -5.417265823924762, -5.741993947911271, -3.342910982570089], "Mia": [-4.666366472118858, -4.916345721806712, -5.089894091789519, -5.001926256599693, -5.059702145213583]}}