{"dates": ["12.16", "12.17", "12.18", "12.19", "12.2", "12.21", "12.22", "12.23", "12.24", "12.25", "12.26", "12.27", "12.28", "12.29", "12.30", "12.31", "01.01", "01.02", "01.03"], "raw_values": {"Fifi": [0.0, 0.0, 0.0, -1.2, -1.1, 0.8, -0.9, 0.0, 0.0, 0.0, 0.0, 0.0, 0.0, 0.0], "Sofya": [0.0, -0.6, -1.8, 0.0, -1.0, -0.4, 0.6, 1.2, 0.8, -0.0, -0.6, 0.0, 0.0, 0.0], "Nick": [0.0, -0.6, -0.6, -0.3, -1.0, 0.0, 0.0, 0.0, 0.0, 0.0, 0.0, 0.0, 0.0, 0.0], "Blue": [0.0, -1.2, -0.6, -0.6, -1.0, -0.2, 0.4, -0.2, 0.8, -0.0, 1.0, -0.6, -0.4, -1.2], "Joyce": [0.0, -0.1, 0.0, -1.2, -0.7, 1.0, -1.4, 0.9, -0.0, 0.2, -0.4, 0.2, -0.5, -0.9], "Jenny": [0.0, -1.9, -0.2, -0.4, 1.0, -1.0, 0.2, 0.2, -0.5, -0.4, -0.4, -0.0, 0.3, 0.2], "Yoyo": [0.0, -0.8, -0.4, -0.6, 0.2, -0.8, 0.4, -0.4, -0.0, 0.0, 0.0, 0.0, 0.0, 0.0], "Jimmy": [0.0, 0.0, 0.0, 0.3, -0.6, -0.6, -0.8, -0.1, 0.1, 1.3, -1.1, 0.0, -1.8, -0.1], "Jerry": [0.0, -0.7, -0.3, -1.9, -0.1, 1.3, 0.6, -1.3, -1.3, 1.9, 0.3, 0.4, -0.6, 0.0], "Summer G": [0.0, -1.5, -2.4, -0.4, 0.1, -0.8, -0.4, -1.1, -0.6, -0.1, 1.1, 0.1, -1.5, -0.2], "Barry": [0.0, 0.0, 0.0, 0.0, 0.8, 1.4, -2.2, 0.8, -1.5, 0.0, 0.0, 0.0, -0.3, -0.4], "Esther": [0.0, -0.2, 0.2, -0.7, -1.0, -1.0, 0.0, 1.5, -1.0, -1.0, 0.0, 0.0, 0.0, 0.0], "Ginger": [0.0, -0.4, -1.4, -0.8, 0.0, -1.8, 0.4, 0.8, -2.0, 1.2, 1.4, -2.2, -0.0, 1.6], "Mia": [0.0, -0.6, -0.8, -0.4, -0.8, -0.6, -0.6, -0.0, -0.0, 0.0, -1.2, -0.0, -0.1, -0.0]}, "cumulative_values": {"Fifi": [0.0, 0.0, 0.0, -1.2, -2.3, -1.4999999999999998, -2.4, -2.4, -2.4, -2.4, -2.4, -2.4, -2.4, -2.4], "Sofya": [0.0, -0.6, -2.4, -2.4, -3.4, -3.8, -3.1999999999999997, -1.9999999999999998, -1.1999999999999997, -1.1999999999999997, -1.7999999999999998, -1.7999999999999998, -1.7999999999999998, -1.7999999999999998], "Nick": [0.0, -0.6, -1.2, -1.5, -2.5, -2.5, -2.5, -2.5, -2.5, -2.5, -2.5, -2.5, -2.5, -2.5], "Blue": [0.0, -1.2, -1.7999999999999998, -2.4, -3.4, -3.6, -3.2, -3.4000000000000004, -2.6000000000000005, -2.6000000000000005, -1.6000000000000005, -2.2000000000000006, -2.6000000000000005, -3.8000000000000007], "Joyce": [0.0, -0.1, -0.1, -1.3, -2.0, -1.0, -2.4, -1.5, -1.5, -1.3, -1.7000000000000002, -1.5000000000000002, -2.0, -2.9], "Jenny": [0.0, -1.9, -2.1, -2.5, -1.5, -2.5, -2.3, -2.0999999999999996, -2.5999999999999996, -2.9999999999999996, -3.3999999999999995, -3.3999999999999995, -3.0999999999999996, -2.8999999999999995], "Yoyo": [0.0, -0.8, -1.2000000000000002, -1.8000000000000003, -1.6000000000000003, -2.4000000000000004, -2.0000000000000004, -2.4000000000000004, -2.4000000000000004, -2.4000000000000004, -2.4000000000000004, -2.4000000000000004, -2.4000000000000004, -2.4000000000000004], "Jimmy": [0.0, 0.0, 0.0, 0.3, -0.3, -0.8999999999999999, -1.7, -1.8, -1.7, -0.3999999999999999, -1.5, -1.5, -3.3, -3.4], "Jerry": [0.0, -0.7, -1.0, -2.9, -3.0, -1.7, -1.1, -2.4000000000000004, -3.7, -1.8000000000000003, -1.5000000000000002, -1.1, -1.7000000000000002, -1.7000000000000002], "Summer G": [0.0, -1.5, -3.9, -4.3, -4.2, -5.0, -5.4, -6.5, -7.1, -7.199999999999999, -6.1, -6.0, -7.5, -7.7], "Barry": [0.0, 0.0, 0.0, 0.0, 0.8, 2.2, 0.0, 0.8, -0.7, -0.7, -0.7, -0.7, -1.0, -1.4], "Esther": [0.0, -0.2, 0.0, -0.7, -1.7, -2.7, -2.7, -1.2000000000000002, -2.2, -3.2, -3.2, -3.2, -3.2, -3.2], "Ginger": [0.0, -0.4, -1.7999999999999998, -2.5999999999999996, -2.5999999999999996, -4.3999999999999995, -3.9999999999999996, -3.1999999999999993, -5.199999999999999, -3.999999999999999, -2.599999999999999, -4.799999999999999, -4.799999999999999, -3.199999999999999], "Mia": [0.0, -0.6, -1.4, -1.7999999999999998, -2.5999999999999996, -3.1999999999999997, -3.8, -3.8, -3.8, -3.8, -5.0, -5.0, -5.1, -5.1]}, "projections": {"Fifi": [-2.332370283649925, -2.444983691995895, -2.608946704502612, -2.3493456890125883, -2.369260652649065], "Sofya": [-2.045313118137841, -2.2858169101774526, -2.7080545844295796, -2.152252454481329, -1.6874181314635535], "Nick": [-2.717939595199805, -2.5095298926943137, -2.677643129518341, -2.6153346780607136, -2.5626780734663153], "Blue": [-4.1193681073496915, -4.7854809470849204, -5.702277823925532, -7.154696234546801, -8.25372834272778], "Joyce": [-3.207533689119054, -3.870149130101404, -3.9066249507230495, -4.002712384873949, -4.364815846293005], "Jenny": [-2.9688491427288244, -2.9805743027428826, -3.8201074367865426, -4.4124193310681745, -4.77122905068975], "Yoyo": [-2.4647886600956057, -2.1273072041316468, -2.069894833253284, -1.9033371419971892, -1.9342858841270996], "Jimmy": [-4.501997273573917, -4.840856044777937, -5.227943440618808, -5.694979089819851, -6.991721002195369], "Jerry": [-1.437062979828901, -1.6703784665362398, -2.735745424124122, -2.8203197647068965, -2.8655903636694235], "Summer G": [-6.834319268213427, -6.864785134860963, -7.523274648387636, -7.906306824606543, -7.685560941924294], "Barry": [-1.2731338720700338, -1.133129560195401, -1.3953834500796685, -1.147254948819648, -1.798340304443553], "Esther": [-4.301456086413091, -4.924084179586047, -5.1220885784945915, -5.776131691890845, -5.836913611198618], "Ginger": [-4.745627234286487, -5.507943699955522, -3.337293804548344, -4.647350403670913, -6.024514722799168], "Mia": [-5.553794013394239, -5.928434478035216, -6.2210170895907, -6.320700580604912, -6.400158240834233]}}